customer_360_id,full_name,email,phone,address_line1,city,state,zip,survived_from_source,n_source_records,source_systems
C360-0001,Alice Johnson,ajohnson.web@example.com,555-201-1001,120 Maple Avenue,Springfield,IL,62701,web_signup:C-001,3,"core_banking,crm_system,web_signup"
C360-0002,Rob Smith,r.smith88@example.com,555-201-3345,482 Oak St,Springfield,IL,62701,crm_system:B-002,2,"core_banking,crm_system"
C360-0003,David Chen,david.chen88@example.com,555-201-7799,90 Birch Ln,Riverton,IL,62561,web_signup:C-002,2,"core_banking,web_signup"
C360-0004,Michael Brown,michael.brown@example.com,555-201-9900,15 Elm Court,Madison,WI,53703,core_banking:A-004,1,core_banking
C360-0005,Sarah Wilson,sarah.wilson@example.com,555-201-2211,301 Pine Road,Riverton,IL,62561,core_banking:A-005,1,core_banking
C360-0006,Jen Lee,jen.lee.web@example.com,555-201-4488,77 Cedar Blvd,Madison,WI,53703,web_signup:C-003,2,"crm_system,web_signup"
C360-0007,Maria Garcia,maria.garcia@example.com,555-201-6655,22 Willow Way,Capitol Heights,WI,53704,crm_system:B-004,1,crm_system
C360-0008,Michelle Brown,michelle.brown@example.com,555-201-8822,410 Spruce Terrace,Capitol Heights,WI,53704,web_signup:C-004,1,web_signup
C360-0009,Thomas Anderson,thomas.anderson@example.com,555-201-5533,58 Aspen Circle,Riverton,IL,62561,web_signup:C-005,1,web_signup
